epoch,train_loss,train_dice,train_iou,validation_loss,validation_dice,validation_iou
1,1.474437418372132,0.16600121211173924,0.09090814683153185,1.3322765032450359,0.1587074458323143,0.08695011027157307
2,1.2979818443919338,0.20867034862207812,0.11672256739680158,1.240559083444101,0.1589744702257492,0.08720690308621636
3,1.2157562291899393,0.24212711217791535,0.13788097187183623,1.1641487589588873,0.24626050144433975,0.14116611124740708
4,1.1570145155108251,0.266566883166169,0.15389283642519352,1.101880603366428,0.2711268679963218,0.15735323754725633
5,1.1327271267425183,0.27664258590964386,0.1606614704048911,1.0844603644476996,0.2848887730527807,0.16653108514017528
6,1.1166183005931765,0.28521393949902335,0.16644819843214612,1.080168083862022,0.27662503884898293,0.16111568885820884
7,1.1096301993658377,0.28827411698740585,0.1685312556665997,1.0730583115860268,0.28576289724420617,0.16720200109261055
8,1.1044996962990872,0.2904364761225013,0.17000843359287396,1.0663796641208507,0.2896074961732935,0.16980233843679782
9,1.0981502325035806,0.29457674885905066,0.17282943444889645,1.0811436661967524,0.27726932145931105,0.16149937333884062
10,1.0937839081121046,0.2959004529686861,0.17373561893784722,1.0716459155082703,0.2820629554766196,0.16475459408980828
11,1.0930337836576063,0.296640144011309,0.17429696612579879,1.04217310084237,0.30509395124735655,0.18045280597828053
12,1.0880793908307718,0.2988989635608917,0.1758457702952762,1.053405503431956,0.2939652038945092,0.1728978380560875
13,1.0866708187169807,0.29965759761804756,0.17637343739354333,1.0591423754338865,0.2916112702201914,0.17123926789672286
14,1.084962246029876,0.30085093874570934,0.17716519985088083,1.0559832497879311,0.2902413258949916,0.17022553196659795
15,1.082046345222828,0.3025337755680084,0.17833115992157958,1.0414602933106598,0.30211212182486497,0.1784115985587791
16,1.0792399589405504,0.3031082000843314,0.17873136075430138,1.046052594979604,0.29999460500699504,0.17699571947256723
17,1.078784088755763,0.3036133002403171,0.17906290379374526,1.0517790957733437,0.29291553795337677,0.1721872568682388
18,1.0769319575886394,0.3034544001485026,0.17900048421565876,1.0355679083753515,0.3052479652342973,0.18056639394274465
19,1.0726836157399555,0.30653484824091887,0.18111965268157248,1.0463934982264484,0.29679398624985304,0.1747935778564877
20,1.0719148669131966,0.3060121324866317,0.18074777982262677,1.0379936275658783,0.3019405581333019,0.17827061977651384
21,1.069790741731954,0.3077521594457848,0.1819708511926407,1.0317841150142528,0.30789228832280197,0.1823676973581314
22,1.067249677208967,0.3085233229537343,0.18249235544786896,1.0437263404881512,0.30144854441837027,0.17803123400167184
23,1.0678173428358033,0.3077501263036284,0.18194158895071164,1.0473965914161116,0.2961984497529489,0.174498756174688
24,1.0656915916952976,0.30860638237276744,0.18256136047285657,1.0391030024599146,0.30104380404507675,0.1776668065124088
25,1.064658528150514,0.30961654699125957,0.1832816554016845,1.049702889389462,0.30007277870619736,0.1771103278906257
26,1.0652153381081515,0.3094871390697568,0.1831690651732822,1.0440739194552104,0.2978317240873973,0.17541543256353448
27,1.0618545648663542,0.31094901229059974,0.1841889711660008,1.040804143305178,0.3013129201200273,0.17792301928555523
28,1.0619216090024903,0.31011641164158665,0.1836440901077071,1.0391430347054094,0.3012141447376322,0.17779326494093295
29,1.0585368504357893,0.31271210797997406,0.18542591517054757,1.0271810624334548,0.3088735667643724,0.1830743302901586
30,1.056659234817638,0.3128122389316559,0.18553166368673013,1.0365812535639163,0.30528040451032146,0.18071103040818814
31,1.053431248942087,0.31432079333205554,0.1865839551008025,1.0358284005412348,0.307062143528903,0.181888817637055
32,1.0543832591799802,0.3139110550630924,0.18625916991122934,1.0325626399781969,0.3053319818443722,0.18062290245736087
33,1.0530619378699813,0.3139426735944526,0.18631742322860761,1.0297221276495192,0.3084639310836792,0.18281719778422956
34,1.0507183553174484,0.3160242670497229,0.1877558770221333,1.0373744169871013,0.3045834529179114,0.1802278870233783
35,1.0504637145718863,0.31618763714335685,0.18789549466482428,1.0340856159174885,0.30866921775870854,0.18303015441806228
36,1.0474069721476977,0.31778943677281224,0.18900608479283576,1.0279885905760306,0.3105025639136632,0.18427236378192902
37,1.0458618548027305,0.31758749900862226,0.1888713549042857,1.0435063861034535,0.3036222722795274,0.1794865628083547
38,1.047062609084817,0.3166345870772073,0.18821048545976019,1.0312919638775013,0.3102796706888411,0.18408496291549117
39,1.0456994404626447,0.3178323763747548,0.1890577221679133,1.0401387876934476,0.3048620130176897,0.18035624314237525
