setting,metric,n_defined_pairs,estimate,lower_95,upper_95,defined_replicates,n_contributing_specimens,ci_status
baseline,abs_g_error_difference_vs_baseline,75,0.0,0.0,0.0,2000,67,estimated
baseline,instance_f1_difference_vs_baseline,82,0.0,0.0,0.0,2000,69,estimated
threshold_0.35,abs_g_error_difference_vs_baseline,75,0.01789408417736688,-0.10101481838318924,0.15496407138619092,2000,67,estimated
threshold_0.35,instance_f1_difference_vs_baseline,82,0.017957777845630345,0.007043576517413172,0.029836073287954002,2000,69,estimated
threshold_0.4,abs_g_error_difference_vs_baseline,75,0.02609967045838552,-0.09101063613697993,0.17661948126196572,2000,67,estimated
threshold_0.4,instance_f1_difference_vs_baseline,82,0.015456196312961546,0.00476164425754712,0.02521644916329879,2000,69,estimated
threshold_0.45,abs_g_error_difference_vs_baseline,75,-0.02805583105841,-0.09405503887060804,0.03913019270448133,2000,67,estimated
threshold_0.45,instance_f1_difference_vs_baseline,82,0.006551537772586881,-0.003266588514611901,0.016194080487024677,2000,69,estimated
threshold_0.5,abs_g_error_difference_vs_baseline,75,-0.013332712324787272,-0.06383239829858255,0.03450832351678675,2000,67,estimated
threshold_0.5,instance_f1_difference_vs_baseline,82,0.002558607778965948,-0.005623457067310818,0.009409942690944112,2000,69,estimated
threshold_0.55,abs_g_error_difference_vs_baseline,75,0.0,0.0,0.0,2000,67,estimated
threshold_0.55,instance_f1_difference_vs_baseline,82,0.0,0.0,0.0,2000,69,estimated
threshold_0.6,abs_g_error_difference_vs_baseline,73,0.1036819288889238,0.044626162673791644,0.18788690683850723,2000,65,estimated
threshold_0.6,instance_f1_difference_vs_baseline,82,-0.006932753327915698,-0.01624110774204431,0.0020588388640897792,2000,69,estimated
threshold_0.65,abs_g_error_difference_vs_baseline,72,0.35675960005302143,0.1517731223839795,0.6252992353681431,2000,65,estimated
threshold_0.65,instance_f1_difference_vs_baseline,82,-0.020403644342698403,-0.03260452868754242,-0.008494564446604376,2000,69,estimated
threshold_0.7,abs_g_error_difference_vs_baseline,68,0.3263013477843874,0.2061175828404356,0.4767698081907083,2000,62,estimated
threshold_0.7,instance_f1_difference_vs_baseline,82,-0.04455541667305463,-0.06886407148622263,-0.02205174585250593,2000,69,estimated
threshold_0.75,abs_g_error_difference_vs_baseline,62,0.48234505189336124,0.31971778630336833,0.6313052980895817,2000,56,estimated
threshold_0.75,instance_f1_difference_vs_baseline,82,-0.11494098956025875,-0.16341310147452354,-0.06411480016777002,2000,69,estimated
min_distance_6,abs_g_error_difference_vs_baseline,75,0.007036220995847463,-0.029434344512137955,0.04901348173804758,2000,67,estimated
min_distance_6,instance_f1_difference_vs_baseline,82,-0.016104492451772017,-0.020345495390880423,-0.0116528597728634,2000,69,estimated
min_distance_8,abs_g_error_difference_vs_baseline,75,0.0,0.0,0.0,2000,67,estimated
min_distance_8,instance_f1_difference_vs_baseline,82,0.0,0.0,0.0,2000,69,estimated
min_distance_10,abs_g_error_difference_vs_baseline,75,0.018472070890800416,5.14453915541636e-05,0.03600566907608288,2000,67,estimated
min_distance_10,instance_f1_difference_vs_baseline,82,0.02772027520995128,0.022779339616759466,0.03304193610736898,2000,69,estimated
min_distance_12,abs_g_error_difference_vs_baseline,75,0.025323573044953633,-0.006330121016533892,0.05510532482110375,2000,67,estimated
min_distance_12,instance_f1_difference_vs_baseline,82,0.04690394715481877,0.04015109404625896,0.05382426519810772,2000,69,estimated
min_area_20,abs_g_error_difference_vs_baseline,75,-0.008856502215848798,-0.027815984444749742,0.008115805831676703,2000,67,estimated
min_area_20,instance_f1_difference_vs_baseline,82,-0.0020959638114857373,-0.0029502254646589315,-0.001350751762478889,2000,69,estimated
min_area_40,abs_g_error_difference_vs_baseline,75,0.0,0.0,0.0,2000,67,estimated
min_area_40,instance_f1_difference_vs_baseline,82,0.0,0.0,0.0,2000,69,estimated
min_area_80,abs_g_error_difference_vs_baseline,75,0.006196773433428623,-0.009615214265716552,0.01868180710433339,2000,67,estimated
min_area_80,instance_f1_difference_vs_baseline,82,0.005839863952577561,0.004023432809515161,0.007647118084225533,2000,69,estimated
topology_legacy,abs_g_error_difference_vs_baseline,75,0.0,0.0,0.0,2000,67,estimated
topology_legacy,instance_f1_difference_vs_baseline,82,0.0,0.0,0.0,2000,69,estimated
topology_none,abs_g_error_difference_vs_baseline,75,0.010019713953389981,-0.006283567329618122,0.030815858160241946,2000,67,estimated
topology_none,instance_f1_difference_vs_baseline,82,-0.00147496391738462,-0.002194035776591636,-0.0008391643895571616,2000,69,estimated
