setting,cohort,n_total,both_defined,reference_only_undefined,prediction_only_undefined,both_undefined,prediction_undefined_total,reference_undefined_total,excluded_from_paired_g,n_specimens,n_unique_fields,g_mae,g_rmse,g_bias,g_mae_specimen_macro_descriptive,instance_f1_field_mean,instance_f1_micro,instance_precision_micro,instance_recall_micro,pred_count_total,reference_count_total,pooled_count_ratio,pred_measured_area_fraction_roi_mean,reference_measured_area_fraction_roi_mean,pred_measured_area_fraction_frame_mean,reference_measured_area_fraction_frame_mean,geometric_mean_size_ratio,median_absolute_size_deviation,minimum_size_ratio,maximum_size_ratio,area_count_slope,area_count_slope_ols_se_not_cluster_ci,area_count_intercept,area_count_r2,n_area_count_pairs,prediction_undefined_rate
baseline,all_fields_with_available_pairs,82,75,3,4,0,4,3,7,69,82,0.4721752773786336,0.6701799062522472,-0.023544002150355604,0.4627201732699618,0.47742954953258915,0.5186406521938262,0.478047956771361,0.5667667667667667,1942.0,3588.0,0.5412486064659978,0.3043419471735202,0.5201927807513246,0.18236216302771566,0.3034136994508129,1.0081931109137818,0.12526015024567538,0.4244168200300282,1.683662100012918,0.8074036864490024,0.11648597697619044,-0.1097440900766059,0.3969107657513189,75,0.04878048780487805
threshold_0.35,all_fields_with_available_pairs,82,79,3,0,0,0,3,3,69,82,0.5457376574412565,0.9444885365330145,0.2040394146230358,0.5108849270835821,0.49538732737821944,0.5507194566091698,0.49741685502098804,0.6168168168168168,2453.0,3588.0,0.6836677814938684,0.33509907697269514,0.5201927807513246,0.19911576293977973,0.3034136994508129,0.9317276998726379,0.10286912761179412,0.1455263393962791,1.8294648247192886,0.9668055122180259,0.16442424506434686,-0.15398182530640303,0.3098735315665949,79,0.0
threshold_0.4,all_fields_with_available_pairs,82,78,3,1,0,1,3,4,69,82,0.5382874197550424,0.9627336517966525,0.25191309314739174,0.4879420037449577,0.4928857458455507,0.5439698492462312,0.4929256789721906,0.6068068068068068,2349.0,3588.0,0.6546822742474916,0.3276313352660888,0.5201927807513246,0.19503703394372102,0.3034136994508129,0.9163962434809849,0.08926919956970791,0.12451176390185584,1.5381365818593609,0.8305875703695423,0.16474137126944274,-0.2444234140811654,0.25063655544605057,78,0.012195121951219513
threshold_0.45,all_fields_with_available_pairs,82,78,3,1,0,1,3,4,69,82,0.4947359735514568,0.785618536620214,0.12133526630361888,0.4705728688912136,0.483981087305176,0.5376285868976719,0.4894036471168063,0.5963963963963964,2224.0,3588.0,0.6198439241917503,0.32119533441652914,0.5201927807513246,0.19152847313445284,0.3034136994508129,0.9588203040996757,0.0863571100454425,0.3592571420740252,2.109770634346306,0.8644326783119761,0.13776966556211448,-0.15110529903535763,0.34124457542165365,78,0.012195121951219513
threshold_0.5,all_fields_with_available_pairs,82,77,3,2,0,2,3,5,69,82,0.5132603600193228,0.762035050338383,0.02865810123713098,0.48806837467043623,0.4799881573115552,0.5282573141922587,0.4836133754782898,0.581981981981982,2057.0,3588.0,0.5732998885172799,0.313993354782688,0.5201927807513246,0.1873450592110819,0.3034136994508129,0.9901170195035031,0.09979631738936323,0.3592571420740252,2.109668743413545,1.033328120940932,0.15541661979049562,-6.972543082295335e-05,0.3708372314175703,77,0.024390243902439025
threshold_0.55,all_fields_with_available_pairs,82,75,3,4,0,4,3,7,69,82,0.4721752773786336,0.6701799062522472,-0.023544002150355604,0.4627201732699618,0.47742954953258915,0.5186406521938262,0.478047956771361,0.5667667667667667,1942.0,3588.0,0.5412486064659978,0.3043419471735202,0.5201927807513246,0.18236216302771566,0.3034136994508129,1.0081931109137818,0.12526015024567538,0.4244168200300282,1.683662100012918,0.8074036864490024,0.11648597697619044,-0.1097440900766059,0.3969107657513189,75,0.04878048780487805
threshold_0.6,all_fields_with_available_pairs,82,74,2,5,1,6,3,8,69,82,0.6919279994455778,1.4199323406002142,0.11542180145098144,0.7009429538984154,0.4704967962046735,0.5081213031640222,0.47842998585572843,0.5417417417417417,1775.0,3588.0,0.4947045707915273,0.2867295705540519,0.5201927807513246,0.17337263675726114,0.3034136994508129,0.9607873741604808,0.14309331386731095,0.030035888765691732,1.683662100012918,1.0010379681788049,0.25988021085547525,-0.07921480806211134,0.17086314718839357,74,0.07317073170731707
threshold_0.65,all_fields_with_available_pairs,82,72,2,7,1,8,3,10,69,82,0.8074946147472081,1.421614450864977,0.028332183657585927,0.7510012539408969,0.45702590518989084,0.48251611642899006,0.4711043295823002,0.4944944944944945,1524.0,3588.0,0.42474916387959866,0.26759886671179306,0.5201927807513246,0.16291417520717555,0.3034136994508129,0.9902288639225323,0.1948670338804146,0.06876567104662241,1.9441255333336576,0.9893632667337174,0.25248821551217676,-0.02917542640152171,0.1798887714347105,72,0.0975609756097561
threshold_0.7,all_fields_with_available_pairs,82,68,1,11,2,13,3,14,69,82,0.7444062764952504,1.024345018716436,-0.3513122534786996,0.7013754247905346,0.4328741328595346,0.4432860717264387,0.46247552751794646,0.4256256256256256,1231.0,3588.0,0.3430880713489409,0.23801241165142917,0.5201927807513246,0.14571558631000048,0.3034136994508129,1.1294779699378432,0.24311758672943706,0.1875279243620546,2.06370026408702,0.8020032444722751,0.17446152638751347,0.01832589171399135,0.24253378568961625,68,0.15853658536585366
threshold_0.75,all_fields_with_available_pairs,82,64,1,15,2,17,3,18,69,82,0.920166608018166,1.1560682304841396,-0.5137690956772791,0.8739909559871741,0.3624885599723305,0.3424399434762129,0.4157849585358879,0.2910910910910911,758.0,3588.0,0.21125975473801561,0.17428116329241763,0.5201927807513246,0.10703002573743471,0.3034136994508129,1.1948955851827585,0.312692857434245,0.27351893556151713,2.485346684557774,0.5832822809484833,0.10623964090056069,-0.28398847095208046,0.32713176453968995,64,0.2073170731707317
min_distance_6,all_fields_with_available_pairs,82,75,2,4,1,5,3,7,69,82,0.47921149837448096,0.7206582395337587,0.07265128073669654,0.4613767402170722,0.4613250570808171,0.5054714173159415,0.4491288114499067,0.577977977977978,2084.0,3588.0,0.5808249721293199,0.3088425162005954,0.5201927807513246,0.18510012175402782,0.3034136994508129,0.975135331651442,0.1115728076934277,0.35783646334975333,1.5316840608264688,0.7354633496039017,0.1295132387040432,-0.20184280099091406,0.3063956969951668,75,0.06097560975609756
min_distance_8,all_fields_with_available_pairs,82,75,3,4,0,4,3,7,69,82,0.4721752773786336,0.6701799062522472,-0.023544002150355604,0.4627201732699618,0.47742954953258915,0.5186406521938262,0.478047956771361,0.5667667667667667,1942.0,3588.0,0.5412486064659978,0.3043419471735202,0.5201927807513246,0.18236216302771566,0.3034136994508129,1.0081931109137818,0.12526015024567538,0.4244168200300282,1.683662100012918,0.8074036864490024,0.11648597697619044,-0.1097440900766059,0.3969107657513189,75,0.04878048780487805
min_distance_10,all_fields_with_available_pairs,82,75,2,4,1,5,3,7,69,82,0.49064734826943407,0.6944171156968871,-0.05548940643662632,0.4773453010660307,0.5051498247425404,0.5435014032710732,0.5260397152491569,0.5621621621621622,1842.0,3588.0,0.5133779264214047,0.2987709001123628,0.5201927807513246,0.17909055780334748,0.3034136994508129,1.0194172733051756,0.13966330358381585,0.4220940840126277,1.683662100012918,0.792426615910824,0.1255954226909496,-0.10719624777518233,0.35288284043041596,75,0.06097560975609756
min_distance_12,all_fields_with_available_pairs,82,75,1,4,2,6,3,7,69,82,0.49749885042358727,0.6796091154283757,-0.10616392529271244,0.48253016750251676,0.524333496687408,0.5584533279629443,0.5617909238249594,0.5551551551551551,1764.0,3588.0,0.4916387959866221,0.29377441239227814,0.5201927807513246,0.17628405619023021,0.3034136994508129,1.0374788774155048,0.14858334316325794,0.4244168200300282,1.683662100012918,0.8510612193625627,0.12567074378377655,-0.039523777617348266,0.3858425373473583,75,0.07317073170731707
min_area_20,all_fields_with_available_pairs,82,75,3,4,0,4,3,7,69,82,0.46331877516278475,0.664546688815892,-0.0014070592063959886,0.45784967258079323,0.4753335857211035,0.5167001277605402,0.474761026329029,0.5667667667667667,1959.0,3588.0,0.5459866220735786,0.3043522990475232,0.5201927807513246,0.18236720897369774,0.3034136994508129,1.00048776849521,0.10757320383330549,0.4244168200300282,1.683662100012918,0.8209572563694187,0.1169005973596144,-0.11346243823080993,0.4031961558162893,75,0.04878048780487805
min_area_40,all_fields_with_available_pairs,82,75,3,4,0,4,3,7,69,82,0.4721752773786336,0.6701799062522472,-0.023544002150355604,0.4627201732699618,0.47742954953258915,0.5186406521938262,0.478047956771361,0.5667667667667667,1942.0,3588.0,0.5412486064659978,0.3043419471735202,0.5201927807513246,0.18236216302771566,0.3034136994508129,1.0081931109137818,0.12526015024567538,0.4244168200300282,1.683662100012918,0.8074036864490024,0.11648597697619044,-0.1097440900766059,0.3969107657513189,75,0.04878048780487805
min_area_80,all_fields_with_available_pairs,82,75,2,4,1,5,3,7,69,82,0.47837205081206224,0.6708011270771618,-0.041700006892298774,0.46644077183047117,0.4832694134851667,0.5242196906548116,0.4877628403998621,0.5665665665665666,1914.0,3588.0,0.5334448160535117,0.30120584678600426,0.5201927807513246,0.18105167274445216,0.3034136994508129,1.0145570583348116,0.1151886695943376,0.4244168200300282,1.683662100012918,0.841352611515362,0.11140661522260153,-0.08074847327178991,0.4386085361414762,75,0.06097560975609756
topology_legacy,all_fields_with_available_pairs,82,75,3,4,0,4,3,7,69,82,0.4721752773786336,0.6701799062522472,-0.023544002150355604,0.4627201732699618,0.47742954953258915,0.5186406521938262,0.478047956771361,0.5667667667667667,1942.0,3588.0,0.5412486064659978,0.3043419471735202,0.5201927807513246,0.18236216302771566,0.3034136994508129,1.0081931109137818,0.12526015024567538,0.4244168200300282,1.683662100012918,0.8074036864490024,0.11648597697619044,-0.1097440900766059,0.3969107657513189,75,0.04878048780487805
topology_none,all_fields_with_available_pairs,82,77,3,2,0,2,3,5,69,82,0.6433794063063278,1.2710805943104673,0.17836529472030796,0.6125146217918852,0.4759545856152046,0.5173674588665448,0.4760302775441548,0.5665665665665666,1965.0,3588.0,0.5476588628762542,0.3044406839803912,0.5201927807513246,0.18241105285651907,0.3034136994508129,0.9400551809165906,0.12146083310236466,0.08161242748489331,1.6836130375418652,1.1319406360482913,0.21487471906360342,-0.03783554102754416,0.27007919826493454,77,0.024390243902439025
baseline,common_G_defined_across_all_settings,60,60,0,0,0,0,0,0,55,60,0.37703096692303706,0.5139441728462117,-0.12945724262983252,0.3647671603050868,0.5039009750808028,0.5273385012919897,0.4971740401481193,0.561399647887324,1827.0,3350.0,0.5453731343283582,0.37678677655222115,0.601988743425031,0.22906441007668013,0.36507474441301857,1.0458881854437811,0.10322793936164276,0.4779615421465832,1.683662100012918,0.6449702378472839,0.11157613610885657,-0.115576690003317,0.3655282835445647,60,0.0
threshold_0.35,common_G_defined_across_all_settings,60,60,0,0,0,0,0,0,55,60,0.3922605496769788,0.8323779781461808,0.129921754617249,0.36300874598054367,0.5297605614950261,0.5612296491050662,0.5191768007483629,0.6106954225352113,2257.0,3350.0,0.6737313432835821,0.4036926705739342,0.601988743425031,0.24561847749881874,0.36507474441301857,0.9559712398335962,0.07387862436156523,0.1455263393962791,1.3104172347269216,0.7984356034684411,0.18629851909249565,-0.16533224304523897,0.2405192163188401,60,0.0
threshold_0.4,common_G_defined_across_all_settings,60,60,0,0,0,0,0,0,55,60,0.3989268561517957,0.8796064393527615,0.10926816035367765,0.36303726636510564,0.5232601292330709,0.5531135531135531,0.5143830431491294,0.5981514084507042,2162.0,3350.0,0.6453731343283582,0.39706931656796435,0.601988743425031,0.24140709142962832,0.36507474441301857,0.9628386219122935,0.0720046185849662,0.12451176390185584,1.2945056545820175,0.6327863715726144,0.18738407122756728,-0.2243172343596973,0.16431066694421703,60,0.0
threshold_0.45,common_G_defined_across_all_settings,60,60,0,0,0,0,0,0,55,60,0.3396149262546429,0.5141354056753615,0.004482901976231179,0.3318157036298535,0.5165151557013209,0.5466054109239408,0.5098076556846315,0.5891285211267606,2060.0,3350.0,0.6149253731343284,0.3921653682103218,0.601988743425031,0.23808834616542543,0.36507474441301857,0.9984475508207121,0.06922033607098799,0.42315724538407345,1.4244963035006077,0.6894666878650615,0.11189034502060165,-0.14217843201251545,0.3956448864141824,60,0.0
threshold_0.5,common_G_defined_across_all_settings,60,60,0,0,0,0,0,0,55,60,0.3717865825334716,0.4987138442004978,-0.08025361130648202,0.3629808744980854,0.5131762611943373,0.5385564466378778,0.505403319181783,0.5763644366197183,1914.0,3350.0,0.5713432835820895,0.3828511151549011,0.601988743425031,0.2330518228244812,0.36507474441301857,1.028204197489706,0.09239662489034745,0.5163004476845792,1.5316840608264688,0.5999122698749382,0.11940541613331736,-0.1628819667136201,0.30323813431312874,60,0.0
threshold_0.55,common_G_defined_across_all_settings,60,60,0,0,0,0,0,0,55,60,0.37703096692303706,0.5139441728462117,-0.12945724262983252,0.3647671603050868,0.5039009750808028,0.5273385012919897,0.4971740401481193,0.561399647887324,1827.0,3350.0,0.5453731343283582,0.37678677655222115,0.601988743425031,0.22906441007668013,0.36507474441301857,1.0458881854437811,0.10322793936164276,0.4779615421465832,1.683662100012918,0.6449702378472839,0.11157613610885657,-0.115576690003317,0.3655282835445647,60,0.0
threshold_0.6,common_G_defined_across_all_settings,60,60,0,0,0,0,0,0,55,60,0.48008379201904877,0.6741110611590931,-0.11983097427437499,0.4687509762039732,0.5005288891992562,0.518824027072758,0.4993892508143323,0.5398327464788732,1675.0,3350.0,0.5,0.35741359093633907,0.601988743425031,0.21880899506809415,0.36507474441301857,1.0424046963757305,0.13433616534346027,0.39724636330480567,1.683662100012918,0.5309887202112451,0.14333047728884266,-0.24513193359247487,0.191349154720576,60,0.0
threshold_0.65,common_G_defined_across_all_settings,60,60,0,0,0,0,0,0,55,60,0.5954560979759711,0.9555238314554466,-0.20832681611673523,0.548931238347149,0.47990470494099957,0.4923752057048821,0.49092102384598557,0.49383802816901406,1455.0,3350.0,0.4343283582089552,0.34085727188018916,0.601988743425031,0.20876983837965682,0.36507474441301857,1.074870914328975,0.17161925299047276,0.13576477969547282,1.9441255333336576,0.5994183417984996,0.20371897747767256,-0.18449254317305586,0.12988155043629723,60,0.0
threshold_0.7,common_G_defined_across_all_settings,60,60,0,0,0,0,0,0,55,60,0.6937001953546028,0.9464850529663423,-0.41962483720931604,0.6362241999981116,0.4524590874518211,0.4555984555984556,0.48638521109168126,0.4284771126760563,1191.0,3350.0,0.3555223880597015,0.30594516876707245,0.601988743425031,0.18811017773483268,0.36507474441301857,1.1565378041360557,0.24311758672943706,0.1875279243620546,1.699036544611465,0.7026844480483958,0.1979104465451307,-0.028651488645899836,0.17854207451384374,60,0.0
threshold_0.75,common_G_defined_across_all_settings,60,60,0,0,0,0,0,0,55,60,0.842163911994789,1.0227406840577262,-0.6508800407898204,0.8370895133952856,0.3672329226355219,0.35140826533298236,0.43713163064833005,0.29379401408450706,753.0,3350.0,0.2247761194029851,0.23578385542153713,0.601988743425031,0.14535823081251492,0.36507474441301857,1.2530465662390458,0.30250664763568225,0.5175733226332969,2.485346684557774,0.6329988726870944,0.07748160650645786,-0.12016093457313926,0.5350457208289684,60,0.0
min_distance_6,common_G_defined_across_all_settings,60,60,0,0,0,0,0,0,55,60,0.35794700557214726,0.5214733377212105,-0.05397378187966574,0.34459964618301586,0.4908646150949853,0.5158730158730159,0.46965317919075145,0.5721830985915493,1957.0,3350.0,0.5841791044776119,0.38271696331524924,0.601988743425031,0.23269510129300466,0.36507474441301857,1.018881939040082,0.10158558534244577,0.4139388985119333,1.5316840608264688,0.6096094482848441,0.1120147709949164,-0.16214706659500067,0.3380340483929357,60,0.0
min_distance_8,common_G_defined_across_all_settings,60,60,0,0,0,0,0,0,55,60,0.37703096692303706,0.5139441728462117,-0.12945724262983252,0.3647671603050868,0.5039009750808028,0.5273385012919897,0.4971740401481193,0.561399647887324,1827.0,3350.0,0.5453731343283582,0.37678677655222115,0.601988743425031,0.22906441007668013,0.36507474441301857,1.0458881854437811,0.10322793936164276,0.4779615421465832,1.683662100012918,0.6449702378472839,0.11157613610885657,-0.115576690003317,0.3655282835445647,60,0.0
min_distance_10,common_G_defined_across_all_settings,60,60,0,0,0,0,0,0,55,60,0.40175762517672725,0.5535401970592074,-0.17340130597737483,0.38419636646356925,0.5301340513773971,0.551829268292683,0.5461206896551725,0.5576584507042254,1731.0,3350.0,0.5167164179104478,0.37089822760242624,0.601988743425031,0.2255611066915931,0.36507474441301857,1.061938822139094,0.12175839193670168,0.4220940840126277,1.683662100012918,0.5984635294721944,0.12598727588477815,-0.13300459077269167,0.28007821494430774,60,0.0
min_distance_12,common_G_defined_across_all_settings,60,60,0,0,0,0,0,0,55,60,0.41299286804650565,0.5401531960649564,-0.2310994469847795,0.3923392995498118,0.5472031443795375,0.5655561829474873,0.5808397123637207,0.551056338028169,1659.0,3350.0,0.49522388059701494,0.36535491744079784,0.601988743425031,0.22231161914357503,0.36507474441301857,1.0833877826747127,0.13687176088007907,0.4779615421465832,1.683662100012918,0.6586139045692279,0.11522858335201332,-0.07499540757723899,0.3603135015120481,60,0.0
min_area_20,common_G_defined_across_all_settings,60,60,0,0,0,0,0,0,55,60,0.3708642648139903,0.5095163423252294,-0.117380075262968,0.358874648897045,0.5022299307207291,0.5257083977331273,0.49428405347800813,0.561399647887324,1840.0,3350.0,0.5492537313432836,0.37679583554979784,0.601988743425031,0.2290696913143465,0.36507474441301857,1.0415196361619456,0.10158620481809,0.4779615421465832,1.683662100012918,0.64816268923475,0.11157220625407112,-0.11914831043989116,0.3678379002223262,60,0.0
min_area_40,common_G_defined_across_all_settings,60,60,0,0,0,0,0,0,55,60,0.37703096692303706,0.5139441728462117,-0.12945724262983252,0.3647671603050868,0.5039009750808028,0.5273385012919897,0.4971740401481193,0.561399647887324,1827.0,3350.0,0.5453731343283582,0.37678677655222115,0.601988743425031,0.22906441007668013,0.36507474441301857,1.0458881854437811,0.10322793936164276,0.4779615421465832,1.683662100012918,0.6449702378472839,0.11157613610885657,-0.115576690003317,0.3655282835445647,60,0.0
min_area_80,common_G_defined_across_all_settings,60,60,0,0,0,0,0,0,55,60,0.3847769337148229,0.5149562306470584,-0.15215224855726148,0.36955121644219535,0.5091791727402624,0.5323590814196242,0.5063542494042891,0.5611795774647887,1800.0,3350.0,0.5373134328358209,0.3725025371979553,0.601988743425031,0.22727399160980077,0.36507474441301857,1.0541470458268012,0.10322793936164276,0.4779615421465832,1.683662100012918,0.7533777055881224,0.10246277273149451,-0.048445425383943974,0.4824300662422387,60,0.0
topology_legacy,common_G_defined_across_all_settings,60,60,0,0,0,0,0,0,55,60,0.37703096692303706,0.5139441728462117,-0.12945724262983252,0.3647671603050868,0.5039009750808028,0.5273385012919897,0.4971740401481193,0.561399647887324,1827.0,3350.0,0.5453731343283582,0.37678677655222115,0.601988743425031,0.22906441007668013,0.36507474441301857,1.0458881854437811,0.10322793936164276,0.4779615421465832,1.683662100012918,0.6449702378472839,0.11157613610885657,-0.115576690003317,0.3655282835445647,60,0.0
topology_none,common_G_defined_across_all_settings,60,60,0,0,0,0,0,0,55,60,0.3744547134367166,0.5099283882156268,-0.11331227576368681,0.36226752355965586,0.5029114926488458,0.5262614797234547,0.49543423353409755,0.5611795774647887,1843.0,3350.0,0.5501492537313433,0.37687027175936794,0.601988743425031,0.22911273760996406,0.36507474441301857,1.0400523447280259,0.10021567624147931,0.4779267233179318,1.6836130375418652,0.6459721924459705,0.11192024573526729,-0.12213390380710826,0.3648202766172761,60,0.0
