corruption_kind,requested_strength,mean_realized_operations,mean_realized_fraction,minimum_realized_operations,maximum_realized_operations,n_repeats_per_field,interpretation,n_total,both_defined,reference_only_undefined,prediction_only_undefined,both_undefined,prediction_undefined_total,reference_undefined_total,excluded_from_paired_g,n_specimens,n_unique_fields,g_mae,g_rmse,g_bias,g_mae_specimen_macro_descriptive,instance_f1_field_mean,instance_f1_micro,instance_precision_micro,instance_recall_micro,pred_count_total,reference_count_total,pooled_count_ratio,pred_measured_area_fraction_roi_mean,reference_measured_area_fraction_roi_mean,pred_measured_area_fraction_frame_mean,reference_measured_area_fraction_frame_mean,geometric_mean_size_ratio,median_absolute_size_deviation,minimum_size_ratio,maximum_size_ratio,area_count_slope,area_count_slope_ols_se_not_cluster_ci,area_count_intercept,area_count_r2,n_area_count_pairs,prediction_undefined_rate
random_selection,0.0,0.0,0.0,0,0,10,Monte_Carlo_label_intervention_not_independent_real_images,820,790,0,0,30,30,30,30,69,82,0.0,0.0,0.0,0.0,1.0,1.0,1.0,1.0,35880.0,35880.0,1.0,0.5201927807513246,0.5201927807513246,0.3034136994508129,0.3034136994508129,1.0,0.0,1.0,1.0,,,,,790,0.036585365853658534
random_selection,0.1,4.341463414634147,0.0826117718025926,0,17,10,Monte_Carlo_label_intervention_not_independent_real_images,820,790,0,0,30,30,30,30,69,82,0.05840920123849345,0.093929780277971,0.0005901106721032882,0.05901305181625065,0.9711590169306686,0.9630475399626324,1.0,0.9287287287287287,32320.0,35880.0,0.9007803790412486,0.46924163437151256,0.5201927807513246,0.2734551971167671,0.3034136994508129,0.9997955041319959,0.014413207125905492,0.7598731432133314,1.085266321479317,0.9976553311470384,0.05157507269266751,-0.0006216434791401632,0.32196429106816726,790,0.036585365853658534
random_selection,0.25,10.878048780487806,0.23272454348234442,0,42,10,Monte_Carlo_label_intervention_not_independent_real_images,820,790,0,0,30,30,30,30,69,82,0.1520648329505421,0.25842384345409447,0.00528583171522593,0.1500743059045572,0.9210416233743886,0.9019564739503187,1.0,0.8214214214214214,26960.0,35880.0,0.7513935340022296,0.3936146032572327,0.5201927807513246,0.22920661155816083,0.3034136994508129,0.9981697472315945,0.03455343446778675,0.4547858201409991,1.1692603426047756,0.9606275929010889,0.08622946356728682,-0.014664503688586683,0.13606694088445603,790,0.036585365853658534
random_selection,0.5,21.890243902439025,0.48438383689464903,0,84,10,Monte_Carlo_label_intervention_not_independent_real_images,820,790,0,0,30,30,30,30,69,82,0.33326775801346814,0.5344704825472334,0.10687187617000156,0.32309838806748525,0.8222847797112468,0.7809640024405126,1.0,0.6406406406406406,17930.0,35880.0,0.49972129319955405,0.2557196079129717,0.5201927807513246,0.14925797596210774,0.3034136994508129,0.963638580771702,0.07002740244317418,0.3583209132404814,1.448213726893395,1.2538253476261436,0.10332334751638694,0.10535255877655136,0.1574512080529994,790,0.036585365853658534
random_selection,0.75,32.8780487804878,0.7306900906639969,0,127,10,Monte_Carlo_label_intervention_not_independent_real_images,820,750,0,40,30,70,30,70,69,82,0.4568347910084053,0.6774388738371396,0.11725504406353571,0.4527100226245195,0.7015569030557891,0.6303811351795997,1.0,0.46026026026026023,8920.0,35880.0,0.24860646599777034,0.12941901183103333,0.5201927807513246,0.07562711046514292,0.3034136994508129,0.9601771284284192,0.10811981993074882,0.2590832727779093,1.6890252281484819,1.1578702911006185,0.17127820469360652,0.13559678493998018,0.05757835734314243,750,0.08536585365853659
small_first_selection,0.0,0.0,0.0,0,0,10,Monte_Carlo_label_intervention_not_independent_real_images,820,790,0,0,30,30,30,30,69,82,0.0,0.0,0.0,0.0,1.0,1.0,1.0,1.0,35880.0,35880.0,1.0,0.5201927807513246,0.5201927807513246,0.3034136994508129,0.3034136994508129,1.0,0.0,1.0,1.0,,,,,790,0.036585365853658534
small_first_selection,0.1,4.341463414634147,0.0826117718025926,0,17,10,Monte_Carlo_label_intervention_not_independent_real_images,820,790,0,0,30,30,30,30,69,82,0.1128850924236706,0.1258060680903093,-0.1128850924236706,0.11678736588576547,0.9711590169306686,0.9630475399626324,1.0,0.9287287287287287,32320.0,35880.0,0.9007803790412486,0.5130385026751938,0.5201927807513246,0.29937527729143637,0.3034136994508129,1.0398983758894154,0.04558685324038825,1.0,1.085266321479317,0.16853137793154724,0.007248209615181072,0.0028500610772419985,0.4069078191372113,790,0.036585365853658534
small_first_selection,0.25,10.878048780487806,0.23272454348234442,0,42,10,Monte_Carlo_label_intervention_not_independent_real_images,820,790,0,0,30,30,30,30,69,82,0.30884853565316944,0.32081370146138405,-0.30884853565316944,0.3135107553387648,0.9210416233743886,0.9019564739503187,1.0,0.8214214214214214,26960.0,35880.0,0.7513935340022296,0.4912957130315537,0.5201927807513246,0.28692870328255216,0.3034136994508129,1.1129773803057692,0.12279095808497753,1.0,1.1692603426047756,0.4032387253367206,0.019684166603849283,0.047342493319070464,0.3474947225143218,790,0.036585365853658534
small_first_selection,0.5,21.890243902439025,0.48438383689464903,0,84,10,Monte_Carlo_label_intervention_not_independent_real_images,820,790,0,0,30,30,30,30,69,82,0.698186628074198,0.7151579761549585,-0.698186628074198,0.7054151399775092,0.8222847797112468,0.7809640024405126,1.0,0.6406406406406406,17930.0,35880.0,0.49972129319955405,0.4264150848802796,0.5201927807513246,0.24919751305752172,0.3034136994508129,1.2737598687144758,0.28244781339218816,1.0,1.448213726893395,0.6635490973245469,0.02823574246656563,0.2461071577134894,0.4120566716817985,790,0.036585365853658534
small_first_selection,0.75,32.8780487804878,0.7306900906639969,0,127,10,Monte_Carlo_label_intervention_not_independent_real_images,820,750,0,40,30,70,30,70,69,82,1.1895814533060263,1.2167211626124812,-1.1895814533060263,1.1921141481339612,0.7015569030557891,0.6303811351795997,1.0,0.46026026026026023,8920.0,35880.0,0.24860646599777034,0.304730929370605,0.5201927807513246,0.1780587164574053,0.3034136994508129,1.51025351426869,0.5292527808246701,1.090488389177577,1.8366310696156267,0.23293234064142712,0.05934508919393406,-0.22919188936951945,0.02018061682527883,750,0.08536585365853659
large_first_selection,0.0,0.0,0.0,0,0,10,Monte_Carlo_label_intervention_not_independent_real_images,820,790,0,0,30,30,30,30,69,82,0.0,0.0,0.0,0.0,1.0,1.0,1.0,1.0,35880.0,35880.0,1.0,0.5201927807513246,0.5201927807513246,0.3034136994508129,0.3034136994508129,1.0,0.0,1.0,1.0,,,,,790,0.036585365853658534
large_first_selection,0.1,4.341463414634147,0.0826117718025926,0,17,10,Monte_Carlo_label_intervention_not_independent_real_images,820,790,0,0,30,30,30,30,69,82,0.40227134109199236,0.46380077860073776,0.40227134109199236,0.41503258817476835,0.9711590169306686,0.9630475399626324,1.0,0.9287287287287287,32320.0,35880.0,0.9007803790412486,0.3446664571816064,0.5201927807513246,0.19964520339255368,0.3034136994508129,0.8698655435409741,0.13960063073898898,0.6986341546566096,1.0,3.8010738084232445,0.07816579256198151,-0.02483743931286858,0.7500568386106801,790,0.036585365853658534
large_first_selection,0.25,10.878048780487806,0.23272454348234442,0,42,10,Monte_Carlo_label_intervention_not_independent_real_images,820,790,0,0,30,30,30,30,69,82,0.8469960442323894,0.9228607057917567,0.8469960442323894,0.8599269919399237,0.9210416233743886,0.9019564739503187,1.0,0.8214214214214214,26960.0,35880.0,0.7513935340022296,0.21290996562276163,0.5201927807513246,0.1238053211068409,0.3034136994508129,0.7456145745521809,0.26020162004288516,0.4547858201409991,1.0,2.5165299312530425,0.10973153101660038,-0.16337471702195905,0.4002798600159262,790,0.036585365853658534
large_first_selection,0.5,21.890243902439025,0.48438383689464903,0,84,10,Monte_Carlo_label_intervention_not_independent_real_images,820,790,0,0,30,30,30,30,69,82,1.5058660115097084,1.5932805410941189,1.5058660115097084,1.5355244356963553,0.8222847797112468,0.7809640024405126,1.0,0.6406406406406406,17930.0,35880.0,0.49972129319955405,0.09057726008323098,0.5201927807513246,0.05232417915594052,0.3034136994508129,0.5933959447945558,0.4062875678663129,0.3583209132404814,1.0,1.1202867779255103,0.10299814800599132,-0.9587554410879318,0.13053460860496957,790,0.036585365853658534
large_first_selection,0.75,32.8780487804878,0.7306900906639969,0,127,10,Monte_Carlo_label_intervention_not_independent_real_images,820,750,0,40,30,70,30,70,69,82,2.2270812629248558,2.329477829432211,2.2270812629248558,2.2402528415474325,0.7015569030557891,0.6303811351795997,1.0,0.46026026026026023,8920.0,35880.0,0.24860646599777034,0.027696224001861423,0.5201927807513246,0.015765992421075764,0.3034136994508129,0.4621584084738998,0.5462880325916062,0.2534193411726604,0.869525822834607,2.7891781146836085,0.16279382874179937,0.9141597110000967,0.28183702048027126,750,0.08536585365853659
merge,0.0,0.0,0.0,0,0,10,Monte_Carlo_label_intervention_not_independent_real_images,820,790,0,0,30,30,30,30,69,82,0.0,0.0,0.0,0.0,1.0,1.0,1.0,1.0,35880.0,35880.0,1.0,0.5201927807513246,0.5201927807513246,0.3034136994508129,0.3034136994508129,1.0,0.0,1.0,1.0,,,,,790,0.036585365853658534
merge,0.1,4.341463414634147,0.0826117718025926,0,17,10,Monte_Carlo_label_intervention_not_independent_real_images,820,790,0,0,30,30,30,30,69,82,0.13082071971417833,0.14602429436098288,-0.13082071971417833,0.13417163412380992,0.969043790404748,0.9596429312850322,0.9964647553352015,0.9254454454454455,32320.0,35880.0,0.9007803790412486,0.5201927807513246,0.5201927807513246,0.3034136994508129,0.3034136994508129,1.0463825316369364,0.05344961795093717,1.0,1.0954451150103321,0.0,0.0,0.0,,790,0.036585365853658534
merge,0.25,10.878048780487806,0.23272454348234442,0,42,10,Monte_Carlo_label_intervention_not_independent_real_images,820,790,0,0,30,30,30,30,69,82,0.40308875170409736,0.4169780946074304,-0.40308875170409736,0.4051099287069756,0.906898238539269,0.8825456144207519,0.9784791615890812,0.8037437437437437,26960.0,35880.0,0.7513935340022296,0.5201927807513246,0.5201927807513246,0.3034136994508129,0.3034136994508129,1.1499286763308598,0.15470053837925146,1.0,1.2247448713915892,0.0,0.0,0.0,,790,0.036585365853658534
merge,0.5,21.841463414634145,0.4650748938052181,0,84,10,Monte_Carlo_label_intervention_not_independent_real_images,820,790,0,0,30,30,30,30,69,82,0.9744695674856095,1.0045800965157121,-0.9744695674856095,0.9739507900259822,0.7814182210468043,0.7260397609464568,0.9289637952559301,0.5958758758758759,17970.0,35880.0,0.5008361204013378,0.5201927807513246,0.5201927807513246,0.3034136994508129,0.3034136994508129,1.4017555653050386,0.41421356237309515,1.0,1.7320508075688772,0.0,0.0,0.0,,790,0.036585365853658534
merge,0.75,32.73170731707317,0.670638353782992,0,127,10,Monte_Carlo_label_intervention_not_independent_real_images,820,790,0,0,30,30,30,30,69,82,1.8308979847825082,1.895119817524719,-1.8308979847825082,1.839751335427823,0.6559387406338291,0.5648508075554339,0.89286023366508,0.4130930930930931,9040.0,35880.0,0.25195094760312153,0.5201927807513246,0.5201927807513246,0.3034136994508129,0.3034136994508129,1.8861560200246568,1.0,1.0,2.2360679774997894,0.0,0.0,0.0,,790,0.036585365853658534
split,0.0,0.0,0.0,0,0,10,Monte_Carlo_label_intervention_not_independent_real_images,820,790,0,0,30,30,30,30,69,82,0.0,0.0,0.0,0.0,1.0,1.0,1.0,1.0,35880.0,35880.0,1.0,0.5201927807513246,0.5201927807513246,0.3034136994508129,0.3034136994508129,1.0,0.0,1.0,1.0,,,,,790,0.036585365853658534
split,0.1,4.341463414634147,0.0826117718025926,0,17,10,Monte_Carlo_label_intervention_not_independent_real_images,820,790,0,0,30,30,30,30,69,82,0.11756954350209264,0.13084178430979612,0.11756954350209264,0.12070462864836613,0.9200473708408362,0.8973516334815388,0.8675014016071763,0.9293293293293293,39440.0,35880.0,1.0992196209587515,0.5201916214409621,0.5201927807513246,0.30341300468053006,0.3034136994508129,0.9600724775107801,0.0460622149917268,0.9258181142676242,1.0,-2.091528092278813e-05,2.7373672578353942e-06,-2.3986176345859965e-07,0.06897569261000414,790,0.036585365853658534
split,0.25,10.878048780487806,0.23272454348234442,0,42,10,Monte_Carlo_label_intervention_not_independent_real_images,820,790,0,0,30,30,30,30,69,82,0.31019369156354665,0.3197229428477668,0.31019369156354665,0.312246507704077,0.8019271859788026,0.7555596397721007,0.6983183285204688,0.823023023023023,44800.0,35880.0,1.2486064659977703,0.5201898063094061,0.5201927807513246,0.30341192642457876,0.3034136994508129,0.8980720819779685,0.1055738110948411,0.8660045976195581,1.0,-2.6883427052715076e-05,4.894416829891762e-06,-1.6265124660585102e-07,0.03687432662406476,790,0.036585365853658534
split,0.5,21.890243902439025,0.48438383689464903,0,84,10,Monte_Carlo_label_intervention_not_independent_real_images,820,790,0,0,30,30,30,30,69,82,0.585805569183954,0.5907493605733652,0.585805569183954,0.5902760497749865,0.6241030630903727,0.5455748833262622,0.47346097201767307,0.6436036036036036,53830.0,35880.0,1.500278706800446,0.520186828510727,0.5201927807513246,0.30341017285715527,0.3034136994508129,0.8162580427747086,0.18350750311051656,0.7745780596418737,1.0,-2.4510748818373147e-05,7.200383987450761e-06,-2.056098003647978e-06,0.01449224516986325,790,0.036585365853658534
split,0.75,32.8780487804878,0.7306900906639969,0,127,10,Monte_Carlo_label_intervention_not_independent_real_images,820,790,0,0,30,30,30,30,69,82,0.8134895614817472,0.8149233976756969,0.8134895614817472,0.8124415110071835,0.47321312769753776,0.3661043670187608,0.3019373293459888,0.4649049049049049,62840.0,35880.0,1.7513935340022297,0.5201840053766278,0.5201927807513246,0.30340852546033337,0.3034136994508129,0.7543234636896695,0.2440790624245307,0.7070561125052323,0.7745966692414834,-0.0002702653529647166,1.8767307419018788e-05,0.0001327641085387695,0.20834631847200358,790,0.036585365853658534
merge_to_border,0.0,0.0,0.0,0,0,10,Monte_Carlo_label_intervention_not_independent_real_images,820,790,0,0,30,30,30,30,69,82,0.0,0.0,0.0,0.0,1.0,1.0,1.0,1.0,35880.0,35880.0,1.0,0.5201927807513246,0.5201927807513246,0.3034136994508129,0.3034136994508129,1.0,0.0,1.0,1.0,,,,,790,0.036585365853658534
merge_to_border,0.1,4.341463414634147,0.0826117718025926,0,17,10,Monte_Carlo_label_intervention_not_independent_real_images,820,790,0,0,30,30,30,30,69,82,0.0729705238953853,0.13069868946596994,0.036473462709469356,0.07271284324390832,0.967343828738641,0.9565704795515881,0.99327441258892,0.9224824824824824,32320.0,35880.0,0.9007803790412486,0.45818605985861566,0.5201927807513246,0.2671701541127301,0.3034136994508129,0.9874388192833782,0.01358035939290686,0.7422299734432138,1.070053397017918,1.3081556977053705,0.06803465793889395,0.002661468605092532,0.31934458154176004,790,0.036585365853658534
merge_to_border,0.25,10.878048780487806,0.23272454348234442,0,42,10,Monte_Carlo_label_intervention_not_independent_real_images,820,790,0,0,30,30,30,30,69,82,0.1897847356891325,0.32597283619793166,0.10818703281899002,0.1867311268003248,0.9053894723943735,0.8788085293471093,0.9743358518157446,0.8003403403403403,26960.0,35880.0,0.7513935340022296,0.36942613521362383,0.5201927807513246,0.215723591764331,0.3034136994508129,0.963199455763997,0.039378268959891494,0.4547858201409991,1.160265508031239,1.2805376722449138,0.10215097993273392,0.0033926417526030095,0.1662651991845624,790,0.036585365853658534
merge_to_border,0.5,21.890243902439025,0.48438383689464903,0,84,10,Monte_Carlo_label_intervention_not_independent_real_images,820,790,0,0,30,30,30,30,69,82,0.3969696265674851,0.5976481395626989,0.2562749456582335,0.38952597462827404,0.7821726575721512,0.7275411836485662,0.93159375,0.5968168168168169,17930.0,35880.0,0.49972129319955405,0.230421633615136,0.5201927807513246,0.13456645810943935,0.3034136994508129,0.9150119711642576,0.09048838917757696,0.3583209132404814,1.448213726893395,1.2535437474205469,0.10655195362776093,0.0015951747390375859,0.14940138101671685,790,0.036585365853658534
merge_to_border,0.75,32.8780487804878,0.7306900906639969,0,127,10,Monte_Carlo_label_intervention_not_independent_real_images,820,750,0,40,30,70,30,70,69,82,0.6239682519981427,0.8353976308759039,0.5184830883443275,0.6100752728142366,0.6388069757059934,0.5493830545653963,0.871509351892127,0.40112112112112114,8920.0,35880.0,0.24860646599777034,0.09882328845890777,0.5201927807513246,0.05783929064734235,0.3034136994508129,0.8355270542513658,0.16496863419795682,0.2590832727779093,1.6636148232078887,1.0197513596356367,0.1682444126603295,-0.3322519863429725,0.046814780026749325,750,0.08536585365853659
